,reviewId,userName,userImage,content,score,thumbsUpCount,reviewCreatedVersion,at,replyContent,repliedAt,appVersion
0,db3f2020-ddf9-48c2-8fb8-3050690b5fdf,Abdul Salam Mohamed kamara,https://play-lh.googleusercontent.com/a-/ALV-UjV5hd5rpMsdDPJqlmzgO9_H4AR4teJON3oBwvIge5JWlw,So much amazing üëè üòç,5,0,1.0,2023-11-09 19:50:44,,,1.0
1,5088be11-edc0-4a3e-9907-39dc6ce3f54e,Mary Margaret,https://play-lh.googleusercontent.com/a/ACg8ocJGdmVvvCIY8Yl5FIWDUkD_C85BDMyFlrOOu_dMt5w=mo,Amazing,5,0,1.0,2023-11-07 16:15:23,,,1.0
2,f5f200e0-a3c9-409b-a81d-80a83f8f9452,Private Nana,https://play-lh.googleusercontent.com/a-/ALV-UjW8H6ZhEBm42DXY84KOyfEECB0F3T7VhP4Mw2QCnAHOeQ,Grape,5,0,,2023-10-28 09:43:03,,,
3,64d2903e-8327-46fb-a752-c146ca0b6f31,Rasel FF,https://play-lh.googleusercontent.com/a-/ALV-UjU_f2pfv8LOQYe7C6HpG2b7mtXT3m_gSBBI23ckYQCg2w,Good so help full,5,0,1.0,2023-10-25 07:55:34,,,1.0
4,9cd895de-e92b-44ed-a75c-92e49a061c8a,ash anan,https://play-lh.googleusercontent.com/a-/ALV-UjVu8JTceI7wZyyUFeXObuoRUGzrApmvDrApaxSYv6kyuso,I cannot clear the mode. Please fix it. Others is okay and function properly. Please also provide the guide to use it if it is different from actual calculator.,3,4,1.0,2023-10-16 09:19:42,,,1.0
5,ded67637-47ba-4a80-88b1-1bdb8def1336,mwenya George,https://play-lh.googleusercontent.com/a/ACg8ocJaDMlr2s7egc3inEvxYSQOrOtlNW_4NMW1fSNocO3N=mo,Nice one üëçüëç,1,0,1.0,2023-10-13 18:38:41,,,1.0
6,bdf2c516-775b-432f-b4f6-8ae9bab5c3f2,Md Rohan,https://play-lh.googleusercontent.com/a/ACg8ocLYldpDoGrSDHHal1WImUUf9jvG3qER9twLmbgoDwOo=mo,Nice,5,0,1.0,2023-10-13 08:20:08,,,1.0
7,8745d5fb-d130-4cd3-a574-340ff9fc5fcd,MHF Fuad,https://play-lh.googleusercontent.com/a-/ALV-UjXZR7klgZPJCPcqbGntxMkwk0v770jK6jOHmBRzMKn8TA,Love it not ans work,3,0,1.0,2023-10-07 18:41:50,,,1.0
8,f565d122-30f9-4865-884c-a5b3decd3ebe,Shyam Kiran,https://play-lh.googleusercontent.com/a/ACg8ocJVps-NbdjlKdz2ZQhdRd34Vo1hx761Ps6uahjIEzT66aA=mo,One of the best app I have ever come. Back to it make easy work.,5,1,1.0,2023-09-30 12:37:15,,,1.0
9,6f8f9994-4a60-4ba4-8f36-85216decc4c9,Ali Walana,https://play-lh.googleusercontent.com/a/ACg8ocIZUrgu8bLKSRTV93R9_0DxHlK1dKx_frJXJ_nrmV4o=mo,Good,5,0,1.0,2023-09-28 13:42:57,,,1.0
10,70fc652b-3484-4624-acd7-628de8bae058,Tapan Das,https://play-lh.googleusercontent.com/a-/ALV-UjWGZD1KTMN_mW1GigbG1psD6KkJYPY_CWxz5J30QWiyKKw,It takes more times to open.,5,0,1.0,2023-09-26 11:03:20,,,1.0
11,5958fbf1-f892-4ab4-bcde-a1bdde702614,Sajina S R,https://play-lh.googleusercontent.com/a-/ALV-UjV_uiMJ2v-DaezIgDBrseUGmC7ds4S0JbaNZsZQeYlS9X8,G gicy,5,0,1.0,2023-09-22 19:45:47,,,1.0
12,68a2875f-e9b7-4ae9-8bb7-557c3e11fbed,joy saha,https://play-lh.googleusercontent.com/a-/ALV-UjV3aJcO7frGh5ylrhPYzjzkwMXggoLuAmxGd4YmCYMKYw,This app is so good and it is helpful ü•∞ü•∞ü•∞,5,0,1.0,2023-09-15 21:01:46,,,1.0
13,1720e495-e69c-4cae-a058-5b8a75ebd3c3,Jayanta Sarkar,https://play-lh.googleusercontent.com/a-/ALV-UjUCg5hxA_2VnMkCCVI3Q6wnvURWx_s3jkO9Yw5VfmoPPZ4,Good this app,5,0,1.0,2023-09-13 21:35:18,,,1.0
14,953c2002-cd5e-454d-82f5-badd09f9fa27,Dhanuka Hemanga,https://play-lh.googleusercontent.com/a/ACg8ocIk2Iuw6_qS_XLyfL7tQtPwa0xiSVtT-fIy4iN2H3tl=mo,Superb like original casio calculater ‚ù§Ô∏è,5,0,1.0,2023-09-07 13:22:33,,,1.0
15,f2849f3b-04bf-470a-9737-7e37745b28dd,Asif Suhail Khan,https://play-lh.googleusercontent.com/a-/ALV-UjU8FX78KHj2aGCySLI2hGwzP0LRgnvia2U91Me6D-31Q5U,Very good user experience,5,0,1.0,2023-09-04 11:23:02,,,1.0
16,5e89521e-22ce-4e80-9e5d-0005a707b9ec,Kimbugwe Sker,https://play-lh.googleusercontent.com/a/ACg8ocIx29879bnmf8SdVczlTmWHXpcZnkznB8rssPrcjTeG=mo,Just perfect üëå,5,0,,2023-09-04 09:19:31,,,
17,259cf95f-7174-475b-9eea-f262bb7308ca,Tazul's Math Point,https://play-lh.googleusercontent.com/a-/ALV-UjW8m4HVfb8Ll2yQhvFKRMYkUuW3xOW0sn7SRRedb7jlhQ,excellent,4,0,1.0,2023-09-04 05:01:44,,,1.0
18,9907b101-e676-401e-b7e4-24af9baecb61,allanmaraangale,https://play-lh.googleusercontent.com/a/ACg8ocIsbjCUHdmfIs4hSkMQZ6AG6ZLgwCmKJ5DT5zfxuTb8=mo,I really need because of the math subject thank you for your help with me,5,0,,2023-09-03 14:18:17,,,
19,82400e07-67a3-410f-8ef2-309322236843,Nirjar Patel,https://play-lh.googleusercontent.com/a-/ALV-UjXMiMjA-bTuaRW0UMAHTlVe1OXfyDQdc5XO_wkC1vyEDw,Very good app. Perfect.,5,0,,2023-08-30 07:21:18,,,
20,5acf5766-fdc5-4f3e-8b9d-edbf7b41b819,Daisy Campos,https://play-lh.googleusercontent.com/a/ACg8ocIk0Ztf7z7ctxEyixnZqYG3sSFsmYyhP0oeB_xEnmu2=mo,With replay button very nice,5,0,,2023-08-29 20:54:10,,,
21,99e912a2-287f-4a8c-bf4d-ac55a731a1f6,Cemarine Rubi,https://play-lh.googleusercontent.com/a/ACg8ocLhzKyccUe9AHTm1soztSnRBN0qc0X7Z6Bo2l652Ugx=mo,It really helps me. New update plss.,5,2,,2023-08-29 16:02:19,,,
22,00ddb6be-5ef7-425f-8483-c6e1426f6961,Merian Banagua,https://play-lh.googleusercontent.com/a/ACg8ocLt9RFJ9Yx2PoqN0N9kcava-6RHGT2LYRNo6q9aGpq8=mo,Good to me,1,0,,2023-08-29 03:58:25,,,
23,7c9c155a-fc6a-421d-8bba-7364ce39719c,Maqsy Hasanal,https://play-lh.googleusercontent.com/a-/ALV-UjXOQ9XDdLZ4gxXjtunwPSFmPAHTfgUYM6bpv2H_JH69ZA,Excellent Work,5,0,1.0,2023-08-28 05:10:23,,,1.0
24,1b30f9f1-c8a5-4f42-90bf-5ec80689aca6,Craig McDonald,https://play-lh.googleusercontent.com/a-/ALV-UjXZKysVl4udCDEQGIb8XSfX2FxgfU-bfm9K8mKTZFEXDw,The best calculator on Android.,5,0,1.0,2023-08-21 04:00:26,,,1.0
25,454b0216-6996-44a3-8703-2850d1aad051,Neema Mwavea,https://play-lh.googleusercontent.com/a-/ALV-UjVJIUOASI5N8wxeuv2gMCqsSbE4GFMg0iezeSS1Nlea9g,Good scientific calculator,1,0,,2023-08-17 22:08:54,,,
26,b31a7813-cdeb-4f16-b88c-c6fbc2617451,Faheem 59,https://play-lh.googleusercontent.com/a-/ALV-UjUNvyAFkzPjd-pyWOsjF_Nl6E8PssI3H3ALpyPGD-mzLYk,Very good same like original calculator easy to use,5,1,1.0,2023-08-17 17:08:51,,,1.0
27,31963ad4-8b62-4c70-bce6-2c251c84a8f8,Omda John,https://play-lh.googleusercontent.com/a/ACg8ocI4uYxa-hlG87eX8ANsxUK0Wdak1ZjbNZWzNLlUWLk_=mo,"What a nice app l enjoy using it , thu am still learning how to use it well",5,0,,2023-08-07 22:49:16,,,
28,47eb5445-90ae-4810-b516-3179aaa94401,Md. Meherab,https://play-lh.googleusercontent.com/a/ACg8ocK_EXYfp-IDLxcAo9Z2qxxQQ0GuzcqOzv4OJiM_PkTe=mo,Baler app,5,0,1.0,2023-08-06 23:25:51,,,1.0
29,dbdb7bf0-b782-44ff-af0f-ace4b64922ff,ROSE ZERO Siva,https://play-lh.googleusercontent.com/a-/ALV-UjU4TsIS5SRglanKgmzymDeU3Xu7VT3CcI-AFxGQQEShfkc,Super app lock screen shot of the gods and family album song lyrics lyrics in english language üòäüòäüòäüòä,5,0,1.0,2023-08-04 10:47:02,,,1.0
30,375f2ce0-d9fa-4477-a4bf-7cf1ff0aafb4,Aerin Morgan,https://play-lh.googleusercontent.com/a/ACg8ocIV4NK-aUneqLGA7kK4Fa5Ea5akgLGRa_kJ5FabvpLb=mo,So good,5,0,1.0,2023-08-03 16:21:52,,,1.0
31,c2e5677a-59f3-4c8f-9cd7-20c31b1a7430,Uzumaki Naruto,https://play-lh.googleusercontent.com/a-/ALV-UjVrsQvbT-zs6MSFhgbmoc0OAEoQZ6L76DFFIfFU9s1kKXQ,Best calculator,5,0,1.0,2023-08-01 10:29:37,,,1.0
32,4751f11c-1c40-4adc-83cf-a63d56616a34,Dok Tok,https://play-lh.googleusercontent.com/a/ACg8ocIA2OSxyAdlf_M8FW1nBwN7nVHA1BcJcX_i3vOB5elG=mo,Best,5,0,1.0,2023-07-31 11:51:33,,,1.0
33,5fc1d01e-8fc2-400d-8ac9-0da8a0a8d552,Siyam Raj,https://play-lh.googleusercontent.com/a/ACg8ocIWMbscbqkzydByLZEYIU4ikhegp1eV9Z68JK1ULBAy=mo,Same like my calculator üôÉ,5,0,1.0,2023-07-30 10:54:23,,,1.0
34,0c1db65c-5285-4178-ac82-7dd3561b6b18,Sree Aran,https://play-lh.googleusercontent.com/a/ACg8ocIlhsCnjfBhIiPHCNNkwT1WEPwDcjWkhgD7qGCHBSxf=mo,Very useful exactly functionable as real calculator,5,1,1.0,2023-07-26 14:19:53,,,1.0
35,89dc53da-917b-422f-89f6-05c673952d44,Tabiba Islam,https://play-lh.googleusercontent.com/a/ACg8ocLUSduKqQgPjwyWww8PRwuaqRPmeNUumQm0RoBtDGez=mo,Helpful nice appüëçüòÉ,5,0,1.0,2023-07-14 20:59:56,,,1.0
36,41a5ba7c-9b87-4a2b-8ab6-141a08a714cd,Suresh Kota,https://play-lh.googleusercontent.com/a-/ALV-UjUzXD9QHCZ3WwqtOJdphpUC6bXCTQp8SW8qcwTJKmX3mQ,Good scirntific calculator appüëç,5,0,1.0,2023-07-12 21:02:41,,,1.0
37,773df7d9-ca91-456d-b514-919b20e79af1,Crazy Shinchan,https://play-lh.googleusercontent.com/a-/ALV-UjVDbgaArdrbD-TODCAqTH1VAsAmOAfBPBzNYaXWwu9nmg,Nice application,5,0,1.0,2023-07-11 09:05:54,,,1.0
38,1d47a67e-e840-4748-af3f-ea7e0a20c670,R√çZV√ç YT,https://play-lh.googleusercontent.com/a/ACg8ocJ-M6XJMzo425Aesm-RoZvyyG-rDpQ3j0pJNP9cFJS0=mo,Vlo app,5,0,1.0,2023-07-10 21:21:48,,,1.0
39,b32b2eaa-3fc3-4aba-b58c-14f4a0c07fa6,Pravendra Singh,https://play-lh.googleusercontent.com/a/ACg8ocJ2s2UpvbYHwr3ylQFGVY2yYBYEm6tehv5KbGfwy7Bm=mo,Very useful this application,5,0,1.0,2023-07-05 19:59:08,,,1.0
40,76582e45-a569-4e91-98d6-8db8494bb946,Che Baguio,https://play-lh.googleusercontent.com/a/ACg8ocL1rak7-aebY1s_qbogZa8IfparxVguTtLNnxdYHww=mo,Simply useful. Thanks a lot.,5,0,1.0,2023-07-04 18:30:21,,,1.0
41,f7159238-6fae-4afe-89d9-90ff7c0b4acc,Leah Alex,https://play-lh.googleusercontent.com/a/ACg8ocK1cBpR4oDTzkITE1Difea9IIZNd5u86vwrrzNTaREj=mo,Best app forever,5,0,,2023-07-01 11:53:59,,,
42,c37f7519-511c-4ecc-aa73-dfd4c919681b,Almuktar Seekershomy,https://play-lh.googleusercontent.com/a/ACg8ocJMNYequw2mwmMk_6EtdCHt5gLKv9F5Wres9uhf5BaJ=mo,Better of all,5,0,1.0,2023-06-30 16:12:39,,,1.0
43,36256c25-a59b-4847-802e-65caf79b35c0,Wani Joel,https://play-lh.googleusercontent.com/a/ACg8ocKzIXST_9UvmSrU58GFK7TbBY0qR4HaG44NfL32Y5rY=mo,Great app,5,0,1.0,2023-06-28 13:02:45,,,1.0
44,d38a90c5-c94e-4a8e-98f5-7acaca3e5878,Rk Raju,https://play-lh.googleusercontent.com/a-/ALV-UjURYkNZ7JyJAeMl1QfS6ZCq2NNn8MXQD7kExkPORTVJtg,Thanks to NHA Game for giving us such a wonderful scientific calculator. It works 100%.,5,1,1.0,2023-06-27 10:30:08,,,1.0
45,688a508f-ec46-4dca-8d06-772b9ad6ef9c,Afiq,https://play-lh.googleusercontent.com/a-/ALV-UjWQSJ7X43CAvfr755cfhpDy5qRmRl70jroftSFmH7cV0io,Cool,5,0,1.0,2023-06-25 17:06:56,,,1.0
46,f02e674f-f127-424e-98bd-fa899fe8315c,Ashikur Rahman,https://play-lh.googleusercontent.com/a-/ALV-UjVYeR8ors5TCIIPRr7yVBV4csBb4x52cTuens2FgsSQX9Kr,Just what I was looking for,5,0,1.0,2023-06-24 22:30:39,,,1.0
47,4036683d-3149-4a10-8de1-fd8a426a87f7,Lipi Akter,https://play-lh.googleusercontent.com/a-/ALV-UjWUmL3hu0uk9tMKstgnERnhxb5SkYGRTYf9aOTD1-YewII,Easy to use üôÇ,5,0,1.0,2023-06-23 20:42:39,,,1.0
48,681710a9-9843-40f1-986d-c5d47200029c,SIMON ‚ÄúJURRY‚Äù LEFU,https://play-lh.googleusercontent.com/a-/ALV-UjWQuQY9FvdO0XGMqn4FfwF1fRPOYiCzIa_9oraC_ebvIQ,Like it üòÅüòÖ,5,0,1.0,2023-06-23 14:29:32,,,1.0
49,3e2063e5-f9db-4965-bfa1-7aa941b8725b,Thamizhini Sivanantham,https://play-lh.googleusercontent.com/a-/ALV-UjXBj3cDe_yuCAX6Uhr_-Y-w4c7VKJb9dxnrCfsZRM-r0a4,Super,5,0,1.0,2023-06-21 20:00:25,,,1.0
50,0b6ce42c-c46f-4f42-9169-cce31c83f371,Hassan Godana,https://play-lh.googleusercontent.com/a/ACg8ocItuuT3R3StJ2dEmbBOGQuAODfjebkMBjy6wxzBm8Pl=mo,It's a wonderful scientific calculator app,5,0,1.0,2023-06-19 14:42:03,,,1.0
51,80d82885-f8b3-42e8-8c5e-71c37ae3726e,IAN VANZUELA,https://play-lh.googleusercontent.com/a/ACg8ocJQp5Y9NJ4Dsiv2BJMgiXMxgChqx67KdCUhNokRUyqe=mo,Its good and help me on my school work or even in my home work when i dont now the answer for my home work laake that,5,0,1.0,2023-06-18 04:30:34,,,1.0
52,c19036d5-5719-4337-b817-df4e53dcd535,Jundii Hamdaa,https://play-lh.googleusercontent.com/a-/ALV-UjUqq_Dtyy4wJgws2L1ak9OplVS8702Xx9AeZKkUkfmi,I am not use it . I want to check it,5,0,,2023-06-15 20:16:21,,,
53,fbc48599-f2b0-4ffe-b293-72d72aa4ee26,YOURI LYLIE,https://play-lh.googleusercontent.com/a/ACg8ocI0fAL5JLvFGkI381iOOyK8rKP5-QVapS7no30sFYO0=mo,Amazing product,5,0,1.0,2023-06-13 08:21:52,,,1.0
54,d3cb8425-44cb-410b-be58-ee392c736192,MD JABER AHMED,https://play-lh.googleusercontent.com/a-/ALV-UjXBRyEeQc_E7ZOwfsnMK45N1kJO4bSaOrYdbRnC2rQjQw,This calculator is just awasome.,5,0,1.0,2023-06-08 10:04:16,,,1.0
55,5193dcb8-d55b-4664-97bf-9f45d1359dea,Amir Haziq,https://play-lh.googleusercontent.com/a-/ALV-UjWwxLtkrC0k4Bc0WP1CkwtiXKi54M4RzIfDafmRdJ8U8qc,Very good,5,0,1.0,2023-06-07 19:16:24,,,1.0
56,0b6aa18e-0037-4fb1-831f-dc6128442cbe,Malco Mario,https://play-lh.googleusercontent.com/a/ACg8ocLOI3v5K0HprLogbpirMOKiWB_2fjO2Bw4PFd95VIK8=mo,Better experience,1,0,,2023-06-06 21:21:15,,,
57,23207fe2-82e2-4e60-a870-3e802d096c71,Chinmoy Nath,https://play-lh.googleusercontent.com/a-/ALV-UjU8gvBN95tQBtYE2He4OYIikbYD-YB52dPDmKEBU5FWeJw,The phase is showing wrong,3,0,1.0,2023-06-01 12:20:39,,,1.0
58,27c366c2-3b30-4bc7-90f7-80fe70ac62b4,Lai ZY,https://play-lh.googleusercontent.com/a-/ALV-UjVHoBpcQGwS3W-T7CLgk8NCo4WeuKJqQFs29GhYWjgK_g,Useful. Easy to use as it it just like a normal scientific calculator in real life.,5,1,1.0,2023-05-31 09:31:29,,,1.0
59,2cca6ede-1819-4cdd-bfe4-093e70812677,M. S. Rosyidi,https://play-lh.googleusercontent.com/a-/ALV-UjWaGeairFqIU38uuEyXhloEWufmLfu91IfspgWhQSffQUA,great application,5,0,1.0,2023-05-29 06:20:39,,,1.0
60,c2468612-2216-48bf-866f-358cc16d2294,Faruk Hossain Babul,https://play-lh.googleusercontent.com/a/ACg8ocJEk0f3Qdyq7pIouJEmivD4JAKk3FB1uo0okfoL6qxt=mo,Just wonderful and realistic,5,0,1.0,2023-05-28 16:56:16,,,1.0
61,4941e08e-f5c3-4ab3-aed4-b95686cc74e7,Farid Islam,https://play-lh.googleusercontent.com/a-/ALV-UjXH39kF1ta_4hxMDiY0KpHzrBuQJh3XQl04yw9cHuzy-1IU,It's look great like real scientific calculator and all function available.. Maybe this will be very helpful,5,1,1.0,2023-05-21 05:48:41,,,1.0
62,222c2d46-d146-424d-be5c-87e3692c6749,Umma Sadia,https://play-lh.googleusercontent.com/a-/ALV-UjU9yvdjSJcEWhuv-QAL1i76cDL1amaa5qmwWKtoO3i0VQ,Nice app ‚ò∫Ô∏è,5,0,1.0,2023-05-20 22:25:34,,,1.0
63,824559e5-0b5a-49ba-b805-ffc0f6563229,Chikota Slam,https://play-lh.googleusercontent.com/a-/ALV-UjVLJpMKEGCJB3N9JJgL29I0rAIO7jMKAEBSe4rvNJX3I5k,Thank you developers for this one it's easy to use...,5,0,1.0,2023-05-20 19:22:12,,,1.0
64,08116756-4b12-446c-a456-ece35abacf13,Parul Patel,https://play-lh.googleusercontent.com/a/ACg8ocJ1LyY9pf3djaZ30k26V1WF1f5dDjh4cafGOg2HVsch=mo,Answer key is not working. Please fix it. In app it doesn't store answer as a memory. Please fox it. Other wise everything is a perfect masterpiece for science and engineering students. Thanks team.,5,34,1.0,2023-05-19 13:04:40,,,1.0
65,f27bd380-3cdd-4ed2-9c40-231905f60eeb,Nastanzio Sydney Rajabu,https://play-lh.googleusercontent.com/a/ACg8ocL2Dxxk9WcWQf1DIi9RAElRZ1WLc-oELfr5Yc62zChU=mo,It is very nice application! Keep it up!,5,1,1.0,2023-05-18 21:31:20,,,1.0
66,4e30b4f9-2535-48b7-bb0c-c57b8953d5e3,Eric Katz,https://play-lh.googleusercontent.com/a/ACg8ocJSomkdUsrN8Y6hRX87yQSxS07rbqUXBUDFGAilBjqj=mo,No good. Blurry. Cant back exit. Avoid.,1,1,1.0,2023-05-14 06:49:11,,,1.0
67,ee05e0d1-b02f-4c98-9f6e-b8a9a70db1ac,Jia Ler Niam,https://play-lh.googleusercontent.com/a-/ALV-UjU2hmP-UubkFbdR4mbLtM6HMdAshV1fO0D12jKHQZQfyE0,Where are the fractions,2,0,1.0,2023-05-13 08:12:06,,,1.0
68,03af4314-6a0a-455f-88e6-63e50a7dc0ea,Darrell Owen Wilson,https://play-lh.googleusercontent.com/a/ACg8ocLJhebZ_3PGi2f3OZjbOTyQaVoTDeaBUgWTDtBGOQvb=mo,Best app ever must download and no need to buy calculator anymoreüòéüòéüòé,5,1,1.0,2023-05-11 06:07:09,,,1.0
69,f62d41aa-3fd9-439f-a619-35040ed1bc35,Kelvin Ngowa,https://play-lh.googleusercontent.com/a-/ALV-UjUJJtxQUTmI8b9PDsJ_4JMftoFOBZ2u64fkb6wbfNj6hg,Very helpfuly to do my assignment,5,0,1.0,2023-05-08 23:24:39,,,1.0
70,b7f52d34-63f9-40f9-9d00-cf71e74521fd,Ojobile Bashir,https://play-lh.googleusercontent.com/a-/ALV-UjUfonTnqERYwlEm1XB7Wz0p--zjEMvZcWvOrqDzxVU-KA,This is crazy guys you must download this app if you really want a good üëçüòä best scientific calculator.the best ever.,5,1,1.0,2023-05-08 02:34:33,,,1.0
71,0a4a221f-a49e-4909-97e1-db0f99f3babd,Micho Matar,https://play-lh.googleusercontent.com/a-/ALV-UjXeN47_9J8vysiHF2Sfx4DzZiGP7-U1teqb7F6TPaP8UYY,Nice,5,0,1.0,2023-05-05 11:38:51,,,1.0
72,123de8d5-9c44-4bcd-929b-afab1d9bee1d,Ram Gurjar,https://play-lh.googleusercontent.com/a/ACg8ocLwkWfCCXi7OQapQZZe9j1iMfcLFoWzmXsDOsJ1y73V=mo,Worst app ever seen,1,0,,2023-05-01 12:08:10,,,
73,bc59beda-6f7b-48b3-a8d8-92e35d64b597,Enayetur Rahim,https://play-lh.googleusercontent.com/a/ACg8ocKvP0o3UkufZqJkAOtQbTyp8isUTNBbQQTMKH3rMGq5=mo,"I've been using this app for many days. This is,,, such a great app. MORE THAN A CALCULATOR! Thank you.",5,1,,2023-04-29 21:27:12,,,
74,d80e3fec-386e-4af2-b570-070e920772db,Suman Barman,https://play-lh.googleusercontent.com/a-/ALV-UjWeKPtDKF2dJx0Z0UcAJ2apfPLtKhbVbJxIQZOKxIM7Z70,BAD,3,0,,2023-04-29 20:39:07,,,
75,009508c2-ee8d-47e6-9e86-f632f8ac3497,WILMA MAE LUPAS,https://play-lh.googleusercontent.com/a-/ALV-UjV96b0kUdIoTKEpOBTBVKiBTJDDRzi0VGdFYqfxKs1yqGo,This is a good emulator of the fx-570/991 ms (w/out contrast.),5,2,,2023-04-26 16:05:59,,,
76,7e97fd4a-05bc-4de2-9840-81c12deb58de,Dominick Kasomi,https://play-lh.googleusercontent.com/a/ACg8ocJjLgfQvbnTKVLyj6-oRNzgF1GkVGi5vrdvOoyhxqdQ=mo,I so helpul,5,0,1.0,2023-04-19 20:59:00,,,1.0
77,10dea472-5ade-4ea8-a10b-f13948fd5a88,Adit Rahman,https://play-lh.googleusercontent.com/a-/ALV-UjWFR1tVJEbq1S8IXd1ev-3h9wIykW5HUoAXkORwYPr9GA,I have used the app. It is very helpful app for math related things. It is also require no MB. I have suggested my friends to use it.,2,2,1.0,2023-04-15 11:23:00,,,1.0
78,bd30b75a-8a8f-4db4-823f-0faddddd664e,Juhar Taha,https://play-lh.googleusercontent.com/a/ACg8ocK5G_pFAEHEMtGSI0Z023B2DiV0MJtqXPMDmV8XLv2n=mo,Good,2,0,,2023-04-13 23:56:34,,,
79,a80193b3-7a54-4e27-8efa-145c80f2f994,Happy Matilda,https://play-lh.googleusercontent.com/a/ACg8ocLS0cT31oGpXC0sVv394BZHI586gWGP7Uw_0QIBJyWe=mo,Wonderful,5,0,1.0,2023-04-12 11:11:50,,,1.0
80,354e6eaf-ef96-4911-81ef-c901b7d2bda9,Vino vino,https://play-lh.googleusercontent.com/a-/ALV-UjUgli5wJ-Nt3YJeD9LicgZwHXWM0kDYTC_sutq6lWWRxxc,Good,5,0,1.0,2023-04-11 15:28:59,,,1.0
81,87862039-840a-41ad-af9a-6f69b1bfdaec,Ija icai 3232,https://play-lh.googleusercontent.com/a/ACg8ocIgHTLESyUg1681w8v0zAbDxSn5pAyRpfkQiz1jipek=mo,Very goodüòñIm really recomended this app!!!!,5,0,1.0,2023-04-10 13:44:26,,,1.0
82,bacb0439-72ef-400e-99cf-463ba7ae901b,mr. aravinthan,https://play-lh.googleusercontent.com/a-/ALV-UjWi2dJyTOutW4LMpsP4hPtUwDMofO_Q1tRNwxVhTo3U6Q,It's like real cal c. Use you know that feel,5,0,1.0,2023-04-09 19:57:38,,,1.0
83,d19d7eae-0ba3-4171-9840-2947e537efa0,Mohd Salleh Bin Ambo,https://play-lh.googleusercontent.com/a-/ALV-UjWCMFUk72yavDUdO26qeH9dfqLU_lTiAswxhlaGRKyMR3E,very usefull & fast to get answer,5,1,1.0,2023-04-09 05:50:41,,,1.0
84,c03cd360-0ae2-4f83-a428-33502c3bb34a,Beero Ienibata,https://play-lh.googleusercontent.com/a/ACg8ocJxA6QDz6Dir_YvgEbGajP5tEBMVMUdlxnlnUCyQHhr=mo,Nice app keep it up,5,0,,2023-04-03 02:54:24,,,
85,90b0bf72-c850-476b-8e1c-628fac88e582,Vicente Adrian Caro Fuentes,https://play-lh.googleusercontent.com/a-/ALV-UjU5LbHTzK3GXPm0lixe3KX7gyBM6M_KVbyXmEBaam-oDf0,GREAT APP,5,0,1.0,2023-04-01 23:40:06,,,1.0
86,ba653b8f-1918-4657-af80-2c6464a35ffc,Hannan official,https://play-lh.googleusercontent.com/a-/ALV-UjWGVue-DwpBpQXmA-222upIqgAZDL7r2xDEjr9RlS3v7bA,Kaulkulater,5,0,,2023-03-29 21:05:09,,,
87,a187bed9-345e-415c-900a-d2f53c016ade,Chun-Hang Tang,https://play-lh.googleusercontent.com/a/ACg8ocK3zLE3Y9R0doXpY1djfaiUifumWrzCJFVVpZaxeBAEgE8=mo,Best scientific calculator on the app store.,5,2,1.0,2023-03-29 01:18:53,,,1.0
88,f453875a-3e3a-44f3-bfa4-345e7c60bad3,Mohidul Munna,https://play-lh.googleusercontent.com/a/ACg8ocIdSBgCHri8cYUgePar3mr4KYNO-t60aGaC448n1eFV=mo,Vewry good calculator it is,5,0,1.0,2023-03-26 07:28:23,,,1.0
89,c04d4f18-76ac-4c9f-a371-eb35feb47a13,Mithila Zaman,https://play-lh.googleusercontent.com/a/ACg8ocKy5ejPkIKEiziW07_yfV2i37IoYhgZkAIfpPZ4qlUu=mo,So helpful..,5,0,1.0,2023-03-25 10:22:33,,,1.0
90,95ade493-a879-492d-91b4-21fd1c7ff6c3,Yt Chnnel,https://play-lh.googleusercontent.com/a/ACg8ocLcPeQVw1zaLBk53sYfZboGhXB30frzgLnbdMBkEFpW=mo,Good as real,5,0,,2023-03-20 10:35:50,,,
91,d291d902-41cd-492e-b3f6-120fc5182344,Sebufu Enock,https://play-lh.googleusercontent.com/a/ACg8ocL2Rl-fO9a_6gOwEXEcZjzXbR-oHHH1ynh6hCw5aTUd=mo,Nice and lovely app and I appreciate your service . It's a pleasure to have this app on my phone since I get free access to the full complete scientific calculator. Thank you.Amen,5,36,,2023-03-18 21:05:31,,,
92,ae695c68-0d8a-49e1-983b-115cf942b75b,Furqan Ali,https://play-lh.googleusercontent.com/a-/ALV-UjXVa4sKHPkwR8Zu0TTu5x4bV8yvC9zGb3QGWMHjVHJbDyo,It is GoodüòÉüòÉ,3,0,,2023-03-17 00:51:45,,,
93,fb6dbd79-95da-4992-90f7-e6a088e8714e,Rao Yasir,https://play-lh.googleusercontent.com/a-/ALV-UjVmqbKggNvse3J9IuOJM2lYtHEC86vx6OLKVHBsU0KXryE,Easy to use and all logic operations can be solve easily.,5,2,1.0,2023-03-13 04:23:17,,,1.0
94,fde52579-745f-4b3d-b73d-c0993dd776e1,Ahmed Mohamed,https://play-lh.googleusercontent.com/a/ACg8ocLtOGRJ6T_iDTSt-FZ4W_OdWoEUnsHPRAg_j5XjTeQy=mo,Perfect scientific calculator fx 570 I hope in future version to make the button look like 3d and add vibration to button and remove the annoying purple moving line in the bottom of result screen. thanks.,5,56,1.0,2023-03-09 09:57:50,,,1.0
95,7755b3df-a6c0-4987-b32a-f0566a40df54,S.pradeep Ferozkhan,https://play-lh.googleusercontent.com/a/ACg8ocJjRLFTFbmjM5PdRkk2H_tYx3K7BWN_l9PbdXKdKlu6=mo,Amazing... It's very usefull...for educational purposes.,5,2,,2023-03-09 00:16:15,,,
96,6652b0f6-134f-4aad-83c4-ef6719f309b0,Norbert Bwalya,https://play-lh.googleusercontent.com/a/ACg8ocJIrB8-HQE6Solbzt9S9LJprU1zX9DbJxb-UHLoeEPY=mo,One of a kind app‚úä‚úä‚úäüëçüëçüëçüëçüëç,5,0,,2023-03-08 12:15:07,,,
97,166cddcf-c5be-42d4-bcc4-76a30a29dec8,YT GAMER,https://play-lh.googleusercontent.com/a-/ALV-UjUPr5_Io22Y5ksbpfPnzjhjKzyW3ckMFNK_ici9quzj,good job üíñ,5,0,1.0,2023-03-07 16:12:22,,,1.0
98,416df1f7-1b53-4f8b-b842-436d6d4c0bd5,Yazhvendhan Dhandapani,https://play-lh.googleusercontent.com/a-/ALV-UjV_X0k0hcOF_5fMMpkfj344dC9VQHSecg754Kaimzetz2I,I like calculator but it takes more time to open. If you solve the issu I'll put 5stars.,4,3,1.0,2023-03-04 12:51:54,,,1.0
99,86f7645a-a9aa-4415-b4ca-e54652ea5a96,reena Saravive,https://play-lh.googleusercontent.com/a/ACg8ocJS6kRs2rVqzlLCk63cmPIDcDVhd63OLNnG8SACOiCn=mo,So help full,5,0,1.0,2023-02-28 10:04:59,,,1.0
100,cae124dc-b12f-4db9-aa11-7b4738e1c5dc,Riyadh Atjeh,https://play-lh.googleusercontent.com/a-/ALV-UjWaoOY5rv7wMjYPM-DhuYL-frW261nx4ouySW-siUTa3CE,I give 5 if there's no animated colors while calc working.,4,3,1.0,2023-02-28 04:11:17,,,1.0
101,d9d73eb3-2354-4a22-a57b-edb90b925fdb,fatima Wahman,https://play-lh.googleusercontent.com/a/ACg8ocI8Hx6A-AwjqDwkS9LwuP994dBAezDAkr0Qd8VjDkTk=mo,Verybad,1,1,,2023-02-27 18:25:51,,,
102,326ad943-8c7b-4460-b6b5-9538e3d21403,Umar Nani,https://play-lh.googleusercontent.com/a/ACg8ocKYMG-iHHJWzk_f61GIhXeEPRH_PBZqeZDpeT-9zFYC=mo,Nice calculator,4,0,,2023-02-26 04:09:31,,,
103,4f3168ca-3e9a-408e-8fff-1ec831d642a1,MASHAKA NKONOKI,https://play-lh.googleusercontent.com/a/ACg8ocJqA5217eQGi_F32mDH3OEtGOhYn24-dhKisIVoyx9M=mo,Dialoding problemüòë,1,1,1.0,2023-02-20 19:02:51,,,1.0
104,246cf25c-e1e3-4c90-843c-6e373a7873e8,Patrick Oduor,https://play-lh.googleusercontent.com/a/ACg8ocJKIFqS6cp0LHtgsoLNglxeQBdlwRzdZio90GhYq8ow=mo,Ooo,4,0,1.0,2023-02-19 15:47:09,,,1.0
105,49c5fa55-21ce-403e-87de-409500d1a485,Achuthan Achuthan,https://play-lh.googleusercontent.com/a/ACg8ocKN9ZUYT-FAYOabL_QB7ULI5EFE2Wfy0AtVIDzGOche=mo,Excellent for cpmmon people,1,1,1.0,2023-02-16 12:42:51,,,1.0
106,aaeb4621-c7cc-4a16-9482-28f3b1e9932c,Shaik Nazeer Ahmed,https://play-lh.googleusercontent.com/a-/ALV-UjUQEjwtgaWlbVmpGe8LbQ4tbRcvqJRRUy5YsfVomjk1Qg,Super,5,0,1.0,2023-02-13 22:29:47,,,1.0
107,f3677f2b-cd2c-4c85-a104-0b92f6c3ab45,Mizan Khan,https://play-lh.googleusercontent.com/a-/ALV-UjUZtcKqe3DqfLVgm0L5v7kaHCYEwYRiXqodEY_wYTbFGGQ,Great,5,0,1.0,2023-02-12 23:24:38,,,1.0
108,ea077501-a483-4e2a-acbe-af40cab765ba,Emtiar,https://play-lh.googleusercontent.com/a-/ALV-UjVN-77fhEmWeEMVgNK5hU_wfwNjThGGe9WvYdYQ4Q97wA,Great Work,5,0,1.0,2023-02-12 14:13:09,,,1.0
109,07c8bd91-69a9-4856-8e3d-8e3f7a80a039,Anand S two zero two nine seven,https://play-lh.googleusercontent.com/a-/ALV-UjWkeT-RAW5ojUAjt2xD0XsaVCZyoKqOKB27SWrtUKGhRw,Wow,5,0,1.0,2023-02-12 14:12:18,,,1.0
110,aea1e73d-2ef9-4471-8ec0-68e6c9a66653,SANYASIRAO SURADA,https://play-lh.googleusercontent.com/a-/ALV-UjXE2TLiUr7jDdtwiRH-0GNEJIB6SLKSxeTJBVb67iJOaw,Excellent calculator as original,5,1,1.0,2023-02-10 21:30:38,,,1.0
111,9dd8c2b9-b2a2-46b3-87c7-3d668e4c5219,serre malongo,https://play-lh.googleusercontent.com/a-/ALV-UjWoVklQyKOwAJFWZnSC2Dwj481agtG22X0zx14GrlqfV0w,"I see greatness in this app, and its what have been looking for.... looks exactly as the ordinary scientific calculator we have been using.... no ads",5,10,1.0,2023-02-06 17:50:10,,,1.0
112,c4a2350b-df53-429c-8ef8-1f954ec65db4,Akintunde Ayobami,https://play-lh.googleusercontent.com/a-/ALV-UjUw2DzJw9pMKrDbv8_RYrwf-IaGfVIFv1SzMVfQ1RZoYQ,I have no contrary opinion in using this app,5,0,1.0,2023-02-06 02:03:19,,,1.0
113,41165888-ac3d-4448-9dad-468f0e1de4e2,Md Omor,https://play-lh.googleusercontent.com/a-/ALV-UjVd0avC5QV2MDJb-UdomTazyctfzU_rwRmG6TDc6igI3Q,Very helpful app,5,1,1.0,2023-02-03 14:46:46,,,1.0
114,b4e4b090-1b0f-49c1-a5c5-23e0e44ba31d,Lorenzo Cordella,https://play-lh.googleusercontent.com/a/ACg8ocKe2ryqnPUHtc8rlv_A9_Pzla1o51-HvutY3P7wjMtV=mo,"my calculus teacher is the one who should thank you, great app, no ads, as simple as it gets, when you got no money to buy a real one",5,49,1.0,2023-02-03 14:13:29,,,1.0
115,00e44bc0-0c7f-4d87-84ce-350efbe9a479,Suvashis Adhikary,https://play-lh.googleusercontent.com/a/ACg8ocLWuRTxXYeWOJNitAptlqFx-U-736iRg8FYUN4bGC4b=mo,Best,5,0,1.0,2023-02-02 23:57:09,,,1.0
116,468f68e7-b00a-47fe-85ab-451235c3855d,Farhad Islam,https://play-lh.googleusercontent.com/a/ACg8ocLxXjEUXUD-JxFe_1FEuW4PTPBQ74nnPH_hsZ4nx8G-=mo,Nice app,5,0,,2023-02-01 22:36:03,,,
117,136554c1-fa5f-4856-bd67-cb6bf52fb1c2,Sek Yeen Choong,https://play-lh.googleusercontent.com/a/ACg8ocJTQMfJdNhMSTGM1kLYz9XuCi6ZP2J6I_9yAZMV3L-I=mo,Finally I have my fx-570MS with me all the time. Thank you for developing this.,5,0,1.0,2023-01-25 14:47:06,,,1.0
118,c99e88ab-91ab-4d03-910c-2e5812363761,Aurel Llozhi,https://play-lh.googleusercontent.com/a/ACg8ocLXHiEaEjQ5nmx9QtIdcpTmRIEjzNQxd9VWOJd5JjA-=mo,Great,5,0,,2023-01-23 21:22:23,,,
119,94a36a71-fb36-47e2-ad65-09ac1456e718,Akmal Azizudin,https://play-lh.googleusercontent.com/a-/ALV-UjX4W0hXbyPea4R3zexNbxTMPjxhEHAWbX6SuPqCUgpzpLA,Good apps... calculator ni serupa with 570ms .kalau trlupa bawak calculator..boleh guna..terbaik,5,0,1.0,2023-01-22 19:35:11,,,1.0
120,d9003aa0-2f43-4f7f-b020-1de634d11a1b,Hamimmuntasir Islam,https://play-lh.googleusercontent.com/a-/ALV-UjUzK8dKQ5Vq91E65DJIWYi5KmCzDYu7rvPsKMRoSFaGjw,This am is such a good app,5,0,,2023-01-21 19:32:22,,,
121,fd4b88cd-d9d7-4f21-b68d-1eb9a6d0c614,MD FIROZ HOSSAIN,https://play-lh.googleusercontent.com/a-/ALV-UjXst2YsSdPWKAoi2WG2PPnbl3U_Twlr6T7NlNSoPvH0,best,5,0,,2023-01-19 02:20:21,,,
122,7a7f41fa-d2e4-4921-bc17-a035fe187254,sihabur islam,https://play-lh.googleusercontent.com/a/ACg8ocJ04thOPzkFzTDyFhsc-0DZVyKaBN9qfaHd4ZD2qMuV=mo,it's very helpful for me....,4,0,1.0,2023-01-18 18:40:34,,,1.0
123,481ba50d-9bcd-4a85-b9cf-0ba4ea9d7f13,Estrelieta Ara√±as,https://play-lh.googleusercontent.com/a/ACg8ocIJIMDc78hbgo0O4oZRsQ0b1WWmmwjKHWFviWGWfGbB=mo,so realistic and so very helpful to me,5,0,,2023-01-10 15:01:58,,,
124,f4f13991-248a-407f-8d81-81a77d0bbd93,Md. Farhan,https://play-lh.googleusercontent.com/a-/ALV-UjW3FNmW0Zseve-Spdr9oROznSiG2Scy1pQT7PdfqMs65w,This is a very nice app,5,0,1.0,2023-01-08 20:55:24,,,1.0
125,fd3be203-3299-4590-9b42-8b8aa88e56a4,ajay maurya,https://play-lh.googleusercontent.com/a/ACg8ocK4M0GtZQUswGDMPx5Fp8bBj3CPkA7wSAx4-tAtzR8gOA=mo,Like real calculator üëå,5,0,1.0,2023-01-05 02:02:36,,,1.0
126,747a5d06-f763-4c95-b0b0-dd2c388674c6,Kowsna Garuda,https://play-lh.googleusercontent.com/a/ACg8ocJ7nsQg9OP7nSbvwvnQx7axL-6I1mDPUcHYniHRCz9Q=mo,niceeeee!!!,5,0,1.0,2023-01-02 22:39:58,,,1.0
127,a62b8d4c-b13a-48d1-a4e3-c98c6a4d4c80,C Ragupathi,https://play-lh.googleusercontent.com/a-/ALV-UjWCVGdOa_KZ06FA7AY6JrkR_IPIiwHUp3QltOl9agOtQ3c,Nice for engineering math's,5,0,1.0,2023-01-02 00:29:04,,,1.0
128,f15a9fb0-3086-4c56-95e1-30244280a586,Bbosa Edrine,https://play-lh.googleusercontent.com/a-/ALV-UjVsM41aLRIooO6K60fqXjt3xDxb3EM9jxF9zgeOJNL3NXU,Good üëç,4,0,1.0,2022-12-30 19:16:21,,,1.0
129,c8e58d92-d237-4ce4-a827-90004b72e9bd,MD Shuvo,https://play-lh.googleusercontent.com/a/ACg8ocKA4hlRSzovb__1E9-Syi7gCmQCehzK3bFfwrTNuuO7=mo,Nice app,5,0,1.0,2022-12-30 16:24:14,,,1.0
130,8a4900a1-f365-4cff-8d4d-2e62eb07cce4,Snopy Chilewani,https://play-lh.googleusercontent.com/a-/ALV-UjXbSkcnswj1bqF3Fl5xG4I3lFGo19ledB4yw_Nau3AyEQ,Simple to use üòç,5,0,,2022-12-29 03:03:44,,,
131,f8ac895c-89bc-4fd8-9792-5f7b42f0bad3,MUTSYABA VICTOR,https://play-lh.googleusercontent.com/a-/ALV-UjWlXG2ErwsCymBcjyFNpum91BmOcfs5dy9KuytiNR52mdE,This really beautiful to us CASIO lovers‚úå,5,0,1.0,2022-12-29 02:23:55,,,1.0
132,e2520dc4-b379-4357-b556-6c2d7504a567,Lokesh R,https://play-lh.googleusercontent.com/a/ACg8ocKhf2U7hB5qcQoc4U0GuLWKkTr0zT7I8GZMLmAp7El7=mo,Easy to access,5,1,,2022-12-28 20:18:07,,,
133,22c45abb-e21e-4f8a-b941-6ed693a4a14b,Nur Qamarina,https://play-lh.googleusercontent.com/a/ACg8ocI0WvZHv0K1CK3NYD9aBUozgWqN-L2NoPBYE7I1aeyf=mo,It's perfect,5,0,1.0,2022-12-28 14:33:25,,,1.0
134,390b04f1-c6d9-4401-bf4d-73b623d4ce2b,Z.H. Asad,https://play-lh.googleusercontent.com/a-/ALV-UjWRHKiV2qf2KCrSq90FNJjotkppD128JwHvYYe19QrEDQ,very nice for exercise,5,0,1.0,2022-12-24 11:51:16,,,1.0
135,8b1f52b7-e6f2-4dd3-b4dc-731319af74db,Mech Ade,https://play-lh.googleusercontent.com/a/ACg8ocJXUmvrUN8t2B2pMqIqFanjLht4l1RpS-fE-xHRCxNc=mo,Satisfactory,4,0,1.0,2022-12-23 07:02:08,,,1.0
136,07c21147-4b16-4835-9bf9-198b02688b8a,Sajib Nath,https://play-lh.googleusercontent.com/a-/ALV-UjUkm_lg8WYEwAxbed9qtFd4MGMCNxOMF-nGS5PbjVvSz-s,I think this app will be helpful for all student,4,1,,2022-12-20 19:32:21,,,
137,c51d1e3b-d7e6-4a8c-a627-5f236892c108,TIGGER,https://play-lh.googleusercontent.com/a-/ALV-UjU6k0FQYaSfptvdPTwHhoerTaOjQTLSJ68TpbU9dhgXTMw,good,5,0,1.0,2022-12-15 17:30:48,,,1.0
138,f6590f57-c88f-4910-a4bc-fbf854b51592,Habibur Rahman,https://play-lh.googleusercontent.com/a-/ALV-UjVrX1AKut_o_WCJ8H78mhbmD5AStC04MFHdirar-bKhlA,Very Nice app,5,0,1.0,2022-12-15 01:26:21,,,1.0
139,cc6683d6-6e25-4eb9-b317-a7cb36fef382,Sakib Ahmed,https://play-lh.googleusercontent.com/a/ACg8ocL9D7nY9-tPKAoqRj9RoOcXFKcBLPVyH9lAXcKb4Jwv=mo,nice,5,0,,2022-12-14 20:56:55,,,
140,ecc4f4a8-c66d-46d1-a1dc-aa0e44324db4,Md: Robin hossain,https://play-lh.googleusercontent.com/a-/ALV-UjVYWZ8MM65MzQxeLV753X_hMZHLT2yg8eZcGWTRyJpR5O8,Very nice. Thank you.,5,0,,2022-12-13 22:52:09,,,
141,e9829b94-b467-428b-b922-a81be35ef9e6,Rakib Hossain,https://play-lh.googleusercontent.com/a-/ALV-UjUwaO_hiML7gQyEtvmCd6IMXl7nCyLj40sl6npQFSk6cpE,Original calcloterü•∞,5,1,,2022-12-13 10:56:08,,,
142,cb19e047-eb28-4d58-a52c-33ee06b5bd9d,Booky,https://play-lh.googleusercontent.com/a/ACg8ocKUPya0t6tYqj00nnJef9Zs3HUMxdH2196Hj647n2TR=mo,Works like the real one! Thank you to the developer!,5,1,1.0,2022-12-12 18:03:38,,,1.0
143,ec9f05da-f3ff-460c-ab69-1d4b34452f52,Murray Gee,https://play-lh.googleusercontent.com/a/ACg8ocK0_TTbK65zNNjmva3eOTs_ThzWbIybV5ckNXys3BrW=mo,Perfect,5,0,1.0,2022-12-11 00:02:21,,,1.0
144,3bba782b-8575-4755-a1be-54df672a41c5,Steven body,https://play-lh.googleusercontent.com/a-/ALV-UjXXU3OeE23dxDVN51KA8biaKoaBEVVzt1KIha2wtjKzqlg,"I just downloaded it now and delete other calculators I download before, That's only i know",5,0,1.0,2022-12-10 23:29:10,,,1.0
145,002e809e-c6ad-482f-b91f-8d1142a7e2ef,Vincent Korie,https://play-lh.googleusercontent.com/a/ACg8ocKjeIRcd9fU84PVfLZMzegxLnnmIwvlV47RB1tj4JD6=mo,App stopped working after a month of usage,1,10,1.0,2022-12-01 12:07:01,,,1.0
146,0b4eef17-00ef-44d9-8c63-4e16430655a7,Arun Konnur,https://play-lh.googleusercontent.com/a/ACg8ocLm3LkJw3J-DYaqLp4UyCm3u4wRlY1OIVWPOlCmDj7N=mo,This one is pure scientific calculator üì≤üíØüíØ,5,0,1.0,2022-11-25 22:59:11,,,1.0
147,db322218-af5c-4ba3-80af-9b503e0c5884,Mouleesh,https://play-lh.googleusercontent.com/a-/ALV-UjVkyRH1kmVSZangG36sPMBgKJhHJiQ5PzpGPuBisJKCtgY,Always coming error..... üò°üò°üò°üò°üò°üò°üò°üò°üò°üò°,1,4,1.0,2022-11-25 11:31:35,,,1.0
148,03a451d9-eb61-4e8b-86b4-77551f93ea8a,Abbas Uddin,https://play-lh.googleusercontent.com/a-/ALV-UjVgAZxI3JEO0-t5CWuptiQ2YPoCDXYa_6TuraoRqIqFTXk,Its very good app...same as figical calculator.....great..easy enter face....‚ô•,5,32,1.0,2022-11-19 19:49:05,,,1.0
149,294646e5-2989-41df-9ca6-d369e48415b9,Carl Licardo,https://play-lh.googleusercontent.com/a/ACg8ocI92_T7PIgqJxJZ89v7H83gWde7q0MLJjafQTKvjRsw=mo,oky narem,5,0,1.0,2022-11-19 00:00:22,,,1.0
150,40eec147-2112-4c20-a219-cdf5af7ab288,6_Bagul_ Harshali,https://play-lh.googleusercontent.com/a/ACg8ocLtvkdMtUaBL1j2ecjLHpse8ZQhuYyb4lZwqrZaLdtV=mo,Best for calculating every problem of math online or offline,5,3,1.0,2022-11-18 10:52:59,,,1.0
151,f7df0aa3-bb2c-4828-9373-2b02172001b2,Kassandra Vien C. Liban,https://play-lh.googleusercontent.com/a/ACg8ocJUpQ9TxLLFXxzq6k8ElA6Ng3rUEEUgcqLixYhsOw9k=mo,It's help alot thank you!!,5,0,,2022-11-18 02:55:07,,,
152,dcf3eaf7-ec7f-400c-955b-3cfe50de2101,Abdurehman Salaudeen,https://play-lh.googleusercontent.com/a/ACg8ocJvaLUdfUGdky-dpCjUXlTdmIPinDMzgq9ZQtcSQZjt=mo,ÿßÿπŸÑ€å,5,0,1.0,2022-11-16 08:31:06,,,1.0
153,30e61ce3-9e2a-4ab6-bb30-ad35c3d74526,tofayel ahmed,https://play-lh.googleusercontent.com/a-/ALV-UjV8NaCLm7UTjCSl-njxqgGK1bLfGEIPiSr3tWdCd3G6Lg,Nc app,5,0,1.0,2022-11-12 09:34:49,,,1.0
154,6a7d2197-0ebe-4fbd-8a41-1020d9a6b331,jeff nyamwange,https://play-lh.googleusercontent.com/a-/ALV-UjX7GXqjJv3-SSAlKvYr5Q-nvYTyl0vhPxQTdVumanFXELw,This is a great app fr,5,1,1.0,2022-11-07 11:49:09,,,1.0
155,10060c99-9fcb-4ee0-b926-91a2ea496792,MD jahangir Alom,https://play-lh.googleusercontent.com/a/ACg8ocIdFb5oT_lfT5V09epW5j6BpzXHb1uR4WND4CCvNZxX=mo,Nice,5,0,1.0,2022-11-07 01:23:30,,,1.0
156,6b73ecf8-67ec-4798-8d8f-fa8f4c458e55,Aadil Ali (Alexander zoy),https://play-lh.googleusercontent.com/a-/ALV-UjUc69OOR7fuhSU4BYRmrFunY9Cu_lt1vp4w5jlVoG2v0z4,Very Amazing idea üí° Like 100 MS kasio calculature,5,0,1.0,2022-10-22 18:29:06,,,1.0
157,dd59049e-6df8-4ddc-96ec-3e6d397ac855,Nadim Mahmud,https://play-lh.googleusercontent.com/a-/ALV-UjW5-5dhz3N21D0u53sVPFegcy1SStCwiwquCu3FBJ9_4E8,Thanks man this is what I was looking for üòå,5,0,1.0,2022-10-21 23:05:50,,,1.0
158,2c7d8aeb-91f6-4316-8e11-da63a626b0d1,Shafiqul Islam,https://play-lh.googleusercontent.com/a-/ALV-UjUc549PCrTatEa8e-z-cqhB3NF3TuyKh94dXd5LnVHt3oE,Very good üòäüòäüòäüòäüòäüëç Recommend,5,0,1.0,2022-10-21 10:20:11,,,1.0
159,bcaf65c7-76fc-4a21-b43a-fcfd4001ab7e,Xrayz,https://play-lh.googleusercontent.com/a-/ALV-UjVYGALirGHLmxokKj9AhomfqhknBnPcJ73y1hrtQ-pA2Tc,great app . Helpful in class when forget calculator,5,24,1.0,2022-10-20 14:01:40,,,1.0
160,bfee359b-8a2a-4fe5-ad11-6519c852b994,Pius Mwangangi,https://play-lh.googleusercontent.com/a-/ALV-UjXCiXZeGsLnWXwh4jSwVm2GhNkMohyn_fLTf_GRU13J9A,Nice,5,0,,2022-10-18 10:53:15,,,
161,983594d1-6112-4048-a8d7-8c6e6d962495,Abu Mohammad Hatem Toha,https://play-lh.googleusercontent.com/a-/ALV-UjX6G9IKnJANXU79BQW1jPzEPwje7x4Tzq6QV8a-MtofF8E,THIS is what i was looking for...exactly look like ordinary physical calculator,5,4,1.0,2022-10-15 06:47:29,,,1.0
162,488eaf7e-6957-443b-b510-b6a9ef037c0c,hamid mia,https://play-lh.googleusercontent.com/a-/ALV-UjXIGGIS-e5cgsrLHc6H3J-_sCiM8UTg3j6n6Sw0HppYiQ,Good app,4,0,,2022-10-10 21:41:09,,,
163,4735d333-d8a5-4663-8611-889d3d64b9b5,nahar nazmun,https://play-lh.googleusercontent.com/a/ACg8ocIoJgt_OpB3IYmp_lg5CDkNSi1fIpcnqlhA6FOrUkgo=mo,Its like a real calculator.....,5,0,1.0,2022-10-09 14:15:51,,,1.0
164,4aba754f-cbbc-42da-b299-7d3079b5af0b,Diwakar Singh,https://play-lh.googleusercontent.com/a-/ALV-UjVBlJA-ehYi_HbAw_8_-ms2ICIeF1HRfrAE_hj7pYYRHA,Calculationa were incorrect,1,1,,2022-09-23 16:55:33,,,
165,a83b250b-7b89-40f7-b4e0-69bf2b8588c9,Jayvee Bryan Virtucio,https://play-lh.googleusercontent.com/a-/ALV-UjU62b6EIRS7urw9dXqWAaKHyaqwu4ymGbDZ7FQ8b-gmDQ,"This calculator is great like a realistic CASIO calculator. Free, no ads it inclues fraction, factorials, integrals, trigonometric functions , exponents, sigma notation and more. No lag shift and alpha and modes to choose",5,51,1.0,2022-09-19 19:31:06,,,1.0
166,7f58af88-46a0-41e9-92c8-c5ef72b031fc,Esmail Jobibul Tanvir,https://play-lh.googleusercontent.com/a-/ALV-UjUHCQVJKwXNSPP2bAcKP6UTpqujd0J9J55bLxKICYpNXA,Very good apps,5,1,1.0,2022-09-19 19:15:57,,,1.0
167,b3b8891d-f4a9-44b5-81bd-6c0909efc685,Olukunle Hannyche,https://play-lh.googleusercontent.com/a/ACg8ocI1zxfFPpcwiBlIDQT_zeP-8gOqVvyOheYkqL4pD6amKw=mo,"It's a very lovely app, made calculations easier",5,8,1.0,2022-09-15 11:47:57,,,1.0
168,94f03b96-980f-4627-81b2-54c2bcc9aa05,RE Bhola,https://play-lh.googleusercontent.com/a-/ALV-UjUnzkJLXggzsXZeBvRnNvZmPuVnoSXhM_ERINOMOi9Ghd4,It's Best,5,1,1.0,2022-09-14 00:00:36,,,1.0
169,9a802ad4-204b-4ed5-b1dd-d6e4739a6969,AL-AMIN SHAIKH,https://play-lh.googleusercontent.com/a-/ALV-UjV1rAhqpXeWQP__NvcYD_sQn68J0xnUgF3taYYh-_aBbg,Good appsü•∞,5,0,1.0,2022-09-04 19:03:24,,,1.0
170,431d803b-deca-4cbe-9f5e-1277ee078e39,Abdur Rahim,https://play-lh.googleusercontent.com/a/ACg8ocJCRvGKFeRZx2yPEk7HvOteLf-6HAQY3jX0D9xJ3Ui0=mo,Awesime,5,1,1.0,2022-08-24 15:52:09,,,1.0
